CREATE DATABASE  IF NOT EXISTS `disaster_relief` /*!40100 DEFAULT CHARACTER SET latin1 */;
USE `disaster_relief`;
-- MySQL dump 10.13  Distrib 8.0.31, for Win64 (x86_64)
--
-- Host: localhost    Database: disaster_relief
-- ------------------------------------------------------
-- Server version	5.7.40-log

/*!40101 SET @OLD_CHARACTER_SET_CLIENT=@@CHARACTER_SET_CLIENT */;
/*!40101 SET @OLD_CHARACTER_SET_RESULTS=@@CHARACTER_SET_RESULTS */;
/*!40101 SET @OLD_COLLATION_CONNECTION=@@COLLATION_CONNECTION */;
/*!50503 SET NAMES utf8 */;
/*!40103 SET @OLD_TIME_ZONE=@@TIME_ZONE */;
/*!40103 SET TIME_ZONE='+00:00' */;
/*!40014 SET @OLD_UNIQUE_CHECKS=@@UNIQUE_CHECKS, UNIQUE_CHECKS=0 */;
/*!40014 SET @OLD_FOREIGN_KEY_CHECKS=@@FOREIGN_KEY_CHECKS, FOREIGN_KEY_CHECKS=0 */;
/*!40101 SET @OLD_SQL_MODE=@@SQL_MODE, SQL_MODE='NO_AUTO_VALUE_ON_ZERO' */;
/*!40111 SET @OLD_SQL_NOTES=@@SQL_NOTES, SQL_NOTES=0 */;

--
-- Table structure for table `admin_reg`
--

DROP TABLE IF EXISTS `admin_reg`;
/*!40101 SET @saved_cs_client     = @@character_set_client */;
/*!50503 SET character_set_client = utf8mb4 */;
CREATE TABLE `admin_reg` (
  `Admin_id` int(11) NOT NULL AUTO_INCREMENT,
  `Admin_name` varchar(45) NOT NULL,
  `designation` varchar(45) NOT NULL,
  `user_name` varchar(45) NOT NULL,
  `password` varchar(45) NOT NULL,
  `contact_no` varchar(45) NOT NULL,
  `email` varchar(100) NOT NULL,
  PRIMARY KEY (`Admin_id`)
) ENGINE=InnoDB DEFAULT CHARSET=latin1;
/*!40101 SET character_set_client = @saved_cs_client */;

--
-- Dumping data for table `admin_reg`
--

LOCK TABLES `admin_reg` WRITE;
/*!40000 ALTER TABLE `admin_reg` DISABLE KEYS */;
/*!40000 ALTER TABLE `admin_reg` ENABLE KEYS */;
UNLOCK TABLES;

--
-- Table structure for table `auth_group`
--

DROP TABLE IF EXISTS `auth_group`;
/*!40101 SET @saved_cs_client     = @@character_set_client */;
/*!50503 SET character_set_client = utf8mb4 */;
CREATE TABLE `auth_group` (
  `id` int(11) NOT NULL AUTO_INCREMENT,
  `name` varchar(150) NOT NULL,
  PRIMARY KEY (`id`),
  UNIQUE KEY `name` (`name`)
) ENGINE=InnoDB DEFAULT CHARSET=latin1;
/*!40101 SET character_set_client = @saved_cs_client */;

--
-- Dumping data for table `auth_group`
--

LOCK TABLES `auth_group` WRITE;
/*!40000 ALTER TABLE `auth_group` DISABLE KEYS */;
/*!40000 ALTER TABLE `auth_group` ENABLE KEYS */;
UNLOCK TABLES;

--
-- Table structure for table `auth_group_permissions`
--

DROP TABLE IF EXISTS `auth_group_permissions`;
/*!40101 SET @saved_cs_client     = @@character_set_client */;
/*!50503 SET character_set_client = utf8mb4 */;
CREATE TABLE `auth_group_permissions` (
  `id` bigint(20) NOT NULL AUTO_INCREMENT,
  `group_id` int(11) NOT NULL,
  `permission_id` int(11) NOT NULL,
  PRIMARY KEY (`id`),
  UNIQUE KEY `auth_group_permissions_group_id_permission_id_0cd325b0_uniq` (`group_id`,`permission_id`),
  KEY `auth_group_permissio_permission_id_84c5c92e_fk_auth_perm` (`permission_id`),
  CONSTRAINT `auth_group_permissio_permission_id_84c5c92e_fk_auth_perm` FOREIGN KEY (`permission_id`) REFERENCES `auth_permission` (`id`),
  CONSTRAINT `auth_group_permissions_group_id_b120cbf9_fk_auth_group_id` FOREIGN KEY (`group_id`) REFERENCES `auth_group` (`id`)
) ENGINE=InnoDB DEFAULT CHARSET=latin1;
/*!40101 SET character_set_client = @saved_cs_client */;

--
-- Dumping data for table `auth_group_permissions`
--

LOCK TABLES `auth_group_permissions` WRITE;
/*!40000 ALTER TABLE `auth_group_permissions` DISABLE KEYS */;
/*!40000 ALTER TABLE `auth_group_permissions` ENABLE KEYS */;
UNLOCK TABLES;

--
-- Table structure for table `auth_permission`
--

DROP TABLE IF EXISTS `auth_permission`;
/*!40101 SET @saved_cs_client     = @@character_set_client */;
/*!50503 SET character_set_client = utf8mb4 */;
CREATE TABLE `auth_permission` (
  `id` int(11) NOT NULL AUTO_INCREMENT,
  `name` varchar(255) NOT NULL,
  `content_type_id` int(11) NOT NULL,
  `codename` varchar(100) NOT NULL,
  PRIMARY KEY (`id`),
  UNIQUE KEY `auth_permission_content_type_id_codename_01ab375a_uniq` (`content_type_id`,`codename`),
  CONSTRAINT `auth_permission_content_type_id_2f476e4b_fk_django_co` FOREIGN KEY (`content_type_id`) REFERENCES `django_content_type` (`id`)
) ENGINE=InnoDB AUTO_INCREMENT=73 DEFAULT CHARSET=latin1;
/*!40101 SET character_set_client = @saved_cs_client */;

--
-- Dumping data for table `auth_permission`
--

LOCK TABLES `auth_permission` WRITE;
/*!40000 ALTER TABLE `auth_permission` DISABLE KEYS */;
INSERT INTO `auth_permission` VALUES (1,'Can add log entry',1,'add_logentry'),(2,'Can change log entry',1,'change_logentry'),(3,'Can delete log entry',1,'delete_logentry'),(4,'Can view log entry',1,'view_logentry'),(5,'Can add permission',2,'add_permission'),(6,'Can change permission',2,'change_permission'),(7,'Can delete permission',2,'delete_permission'),(8,'Can view permission',2,'view_permission'),(9,'Can add group',3,'add_group'),(10,'Can change group',3,'change_group'),(11,'Can delete group',3,'delete_group'),(12,'Can view group',3,'view_group'),(13,'Can add user',4,'add_user'),(14,'Can change user',4,'change_user'),(15,'Can delete user',4,'delete_user'),(16,'Can view user',4,'view_user'),(17,'Can add content type',5,'add_contenttype'),(18,'Can change content type',5,'change_contenttype'),(19,'Can delete content type',5,'delete_contenttype'),(20,'Can view content type',5,'view_contenttype'),(21,'Can add session',6,'add_session'),(22,'Can change session',6,'change_session'),(23,'Can delete session',6,'delete_session'),(24,'Can view session',6,'view_session'),(25,'Can add admin reg',7,'add_adminreg'),(26,'Can change admin reg',7,'change_adminreg'),(27,'Can delete admin reg',7,'delete_adminreg'),(28,'Can view admin reg',7,'view_adminreg'),(29,'Can add camp details',8,'add_campdetails'),(30,'Can change camp details',8,'change_campdetails'),(31,'Can delete camp details',8,'delete_campdetails'),(32,'Can view camp details',8,'view_campdetails'),(33,'Can add complaints',9,'add_complaints'),(34,'Can change complaints',9,'change_complaints'),(35,'Can delete complaints',9,'delete_complaints'),(36,'Can view complaints',9,'view_complaints'),(37,'Can add delivery',10,'add_delivery'),(38,'Can change delivery',10,'change_delivery'),(39,'Can delete delivery',10,'delete_delivery'),(40,'Can view delivery',10,'view_delivery'),(41,'Can add feedback',11,'add_feedback'),(42,'Can change feedback',11,'change_feedback'),(43,'Can delete feedback',11,'delete_feedback'),(44,'Can view feedback',11,'view_feedback'),(45,'Can add login',12,'add_login'),(46,'Can change login',12,'change_login'),(47,'Can delete login',12,'delete_login'),(48,'Can view login',12,'view_login'),(49,'Can add notification',13,'add_notification'),(50,'Can change notification',13,'change_notification'),(51,'Can delete notification',13,'delete_notification'),(52,'Can view notification',13,'view_notification'),(53,'Can add public reg',14,'add_publicreg'),(54,'Can change public reg',14,'change_publicreg'),(55,'Can delete public reg',14,'delete_publicreg'),(56,'Can view public reg',14,'view_publicreg'),(57,'Can add requirements',15,'add_requirements'),(58,'Can change requirements',15,'change_requirements'),(59,'Can delete requirements',15,'delete_requirements'),(60,'Can view requirements',15,'view_requirements'),(61,'Can add scheduling',16,'add_scheduling'),(62,'Can change scheduling',16,'change_scheduling'),(63,'Can delete scheduling',16,'delete_scheduling'),(64,'Can view scheduling',16,'view_scheduling'),(65,'Can add volunteer activites',17,'add_volunteeractivites'),(66,'Can change volunteer activites',17,'change_volunteeractivites'),(67,'Can delete volunteer activites',17,'delete_volunteeractivites'),(68,'Can view volunteer activites',17,'view_volunteeractivites'),(69,'Can add volunteer reg',18,'add_volunteerreg'),(70,'Can change volunteer reg',18,'change_volunteerreg'),(71,'Can delete volunteer reg',18,'delete_volunteerreg'),(72,'Can view volunteer reg',18,'view_volunteerreg');
/*!40000 ALTER TABLE `auth_permission` ENABLE KEYS */;
UNLOCK TABLES;

--
-- Table structure for table `auth_user`
--

DROP TABLE IF EXISTS `auth_user`;
/*!40101 SET @saved_cs_client     = @@character_set_client */;
/*!50503 SET character_set_client = utf8mb4 */;
CREATE TABLE `auth_user` (
  `id` int(11) NOT NULL AUTO_INCREMENT,
  `password` varchar(128) NOT NULL,
  `last_login` datetime(6) DEFAULT NULL,
  `is_superuser` tinyint(1) NOT NULL,
  `username` varchar(150) NOT NULL,
  `first_name` varchar(150) NOT NULL,
  `last_name` varchar(150) NOT NULL,
  `email` varchar(254) NOT NULL,
  `is_staff` tinyint(1) NOT NULL,
  `is_active` tinyint(1) NOT NULL,
  `date_joined` datetime(6) NOT NULL,
  PRIMARY KEY (`id`),
  UNIQUE KEY `username` (`username`)
) ENGINE=InnoDB DEFAULT CHARSET=latin1;
/*!40101 SET character_set_client = @saved_cs_client */;

--
-- Dumping data for table `auth_user`
--

LOCK TABLES `auth_user` WRITE;
/*!40000 ALTER TABLE `auth_user` DISABLE KEYS */;
/*!40000 ALTER TABLE `auth_user` ENABLE KEYS */;
UNLOCK TABLES;

--
-- Table structure for table `auth_user_groups`
--

DROP TABLE IF EXISTS `auth_user_groups`;
/*!40101 SET @saved_cs_client     = @@character_set_client */;
/*!50503 SET character_set_client = utf8mb4 */;
CREATE TABLE `auth_user_groups` (
  `id` bigint(20) NOT NULL AUTO_INCREMENT,
  `user_id` int(11) NOT NULL,
  `group_id` int(11) NOT NULL,
  PRIMARY KEY (`id`),
  UNIQUE KEY `auth_user_groups_user_id_group_id_94350c0c_uniq` (`user_id`,`group_id`),
  KEY `auth_user_groups_group_id_97559544_fk_auth_group_id` (`group_id`),
  CONSTRAINT `auth_user_groups_group_id_97559544_fk_auth_group_id` FOREIGN KEY (`group_id`) REFERENCES `auth_group` (`id`),
  CONSTRAINT `auth_user_groups_user_id_6a12ed8b_fk_auth_user_id` FOREIGN KEY (`user_id`) REFERENCES `auth_user` (`id`)
) ENGINE=InnoDB DEFAULT CHARSET=latin1;
/*!40101 SET character_set_client = @saved_cs_client */;

--
-- Dumping data for table `auth_user_groups`
--

LOCK TABLES `auth_user_groups` WRITE;
/*!40000 ALTER TABLE `auth_user_groups` DISABLE KEYS */;
/*!40000 ALTER TABLE `auth_user_groups` ENABLE KEYS */;
UNLOCK TABLES;

--
-- Table structure for table `auth_user_user_permissions`
--

DROP TABLE IF EXISTS `auth_user_user_permissions`;
/*!40101 SET @saved_cs_client     = @@character_set_client */;
/*!50503 SET character_set_client = utf8mb4 */;
CREATE TABLE `auth_user_user_permissions` (
  `id` bigint(20) NOT NULL AUTO_INCREMENT,
  `user_id` int(11) NOT NULL,
  `permission_id` int(11) NOT NULL,
  PRIMARY KEY (`id`),
  UNIQUE KEY `auth_user_user_permissions_user_id_permission_id_14a6b632_uniq` (`user_id`,`permission_id`),
  KEY `auth_user_user_permi_permission_id_1fbb5f2c_fk_auth_perm` (`permission_id`),
  CONSTRAINT `auth_user_user_permi_permission_id_1fbb5f2c_fk_auth_perm` FOREIGN KEY (`permission_id`) REFERENCES `auth_permission` (`id`),
  CONSTRAINT `auth_user_user_permissions_user_id_a95ead1b_fk_auth_user_id` FOREIGN KEY (`user_id`) REFERENCES `auth_user` (`id`)
) ENGINE=InnoDB DEFAULT CHARSET=latin1;
/*!40101 SET character_set_client = @saved_cs_client */;

--
-- Dumping data for table `auth_user_user_permissions`
--

LOCK TABLES `auth_user_user_permissions` WRITE;
/*!40000 ALTER TABLE `auth_user_user_permissions` DISABLE KEYS */;
/*!40000 ALTER TABLE `auth_user_user_permissions` ENABLE KEYS */;
UNLOCK TABLES;

--
-- Table structure for table `camp_details`
--

DROP TABLE IF EXISTS `camp_details`;
/*!40101 SET @saved_cs_client     = @@character_set_client */;
/*!50503 SET character_set_client = utf8mb4 */;
CREATE TABLE `camp_details` (
  `camp_id` int(11) NOT NULL AUTO_INCREMENT,
  `camp_name` varchar(100) NOT NULL,
  `location` varchar(200) NOT NULL,
  `no.of_refugees` int(11) NOT NULL,
  `no.of_volunteers` int(11) NOT NULL,
  PRIMARY KEY (`camp_id`)
) ENGINE=InnoDB AUTO_INCREMENT=2 DEFAULT CHARSET=latin1;
/*!40101 SET character_set_client = @saved_cs_client */;

--
-- Dumping data for table `camp_details`
--

LOCK TABLES `camp_details` WRITE;
/*!40000 ALTER TABLE `camp_details` DISABLE KEYS */;
INSERT INTO `camp_details` VALUES (1,'Amritha vidyalayam mananthavady','Arattuthara mananthavady kerala 670645',20,4);
/*!40000 ALTER TABLE `camp_details` ENABLE KEYS */;
UNLOCK TABLES;

--
-- Table structure for table `chat`
--

DROP TABLE IF EXISTS `chat`;
/*!40101 SET @saved_cs_client     = @@character_set_client */;
/*!50503 SET character_set_client = utf8mb4 */;
CREATE TABLE `chat` (
  `chat_id` int(11) NOT NULL AUTO_INCREMENT,
  `message` varchar(300) NOT NULL,
  `task_id` int(11) NOT NULL,
  `public_id` int(11) NOT NULL,
  `sendertype` varchar(45) NOT NULL,
  `rectype` varchar(45) NOT NULL,
  PRIMARY KEY (`chat_id`)
) ENGINE=InnoDB AUTO_INCREMENT=10 DEFAULT CHARSET=latin1;
/*!40101 SET character_set_client = @saved_cs_client */;

--
-- Dumping data for table `chat`
--

LOCK TABLES `chat` WRITE;
/*!40000 ALTER TABLE `chat` DISABLE KEYS */;
INSERT INTO `chat` VALUES (1,'hai',1,1,'public','volunteer'),(2,'hlo',1,1,'volunteer','public'),(3,'heyy',1,1,'public','volunteer'),(4,'fine',1,1,'volunteer','public'),(5,'heyy',1,1,'public','volunteer'),(6,'ok',1,1,'public','volunteer'),(7,'fine',1,1,'volunteer','public'),(8,'okkkk',1,1,'volunteer','public'),(9,'thank uu',1,1,'public','volunteer');
/*!40000 ALTER TABLE `chat` ENABLE KEYS */;
UNLOCK TABLES;

--
-- Table structure for table `complaints`
--

DROP TABLE IF EXISTS `complaints`;
/*!40101 SET @saved_cs_client     = @@character_set_client */;
/*!50503 SET character_set_client = utf8mb4 */;
CREATE TABLE `complaints` (
  `complaint_id` int(11) NOT NULL AUTO_INCREMENT,
  `complaint` varchar(500) NOT NULL,
  `reply` varchar(500) NOT NULL,
  `volunteer_id` int(11) NOT NULL,
  PRIMARY KEY (`complaint_id`)
) ENGINE=InnoDB DEFAULT CHARSET=latin1;
/*!40101 SET character_set_client = @saved_cs_client */;

--
-- Dumping data for table `complaints`
--

LOCK TABLES `complaints` WRITE;
/*!40000 ALTER TABLE `complaints` DISABLE KEYS */;
/*!40000 ALTER TABLE `complaints` ENABLE KEYS */;
UNLOCK TABLES;

--
-- Table structure for table `delivery`
--

DROP TABLE IF EXISTS `delivery`;
/*!40101 SET @saved_cs_client     = @@character_set_client */;
/*!50503 SET character_set_client = utf8mb4 */;
CREATE TABLE `delivery` (
  `delivery_id` int(11) NOT NULL AUTO_INCREMENT,
  `camp_id` int(11) DEFAULT NULL,
  `volunteer_id` int(11) DEFAULT NULL,
  `public_id` int(11) DEFAULT NULL,
  `phone_no` varchar(45) NOT NULL,
  `item` varchar(100) NOT NULL,
  `quantity_c` varchar(45) NOT NULL,
  `public_location` varchar(200) NOT NULL,
  `status` varchar(45) NOT NULL,
  PRIMARY KEY (`delivery_id`)
) ENGINE=InnoDB DEFAULT CHARSET=latin1;
/*!40101 SET character_set_client = @saved_cs_client */;

--
-- Dumping data for table `delivery`
--

LOCK TABLES `delivery` WRITE;
/*!40000 ALTER TABLE `delivery` DISABLE KEYS */;
/*!40000 ALTER TABLE `delivery` ENABLE KEYS */;
UNLOCK TABLES;

--
-- Table structure for table `django_admin_log`
--

DROP TABLE IF EXISTS `django_admin_log`;
/*!40101 SET @saved_cs_client     = @@character_set_client */;
/*!50503 SET character_set_client = utf8mb4 */;
CREATE TABLE `django_admin_log` (
  `id` int(11) NOT NULL AUTO_INCREMENT,
  `action_time` datetime(6) NOT NULL,
  `object_id` longtext,
  `object_repr` varchar(200) NOT NULL,
  `action_flag` smallint(5) unsigned NOT NULL,
  `change_message` longtext NOT NULL,
  `content_type_id` int(11) DEFAULT NULL,
  `user_id` int(11) NOT NULL,
  PRIMARY KEY (`id`),
  KEY `django_admin_log_content_type_id_c4bce8eb_fk_django_co` (`content_type_id`),
  KEY `django_admin_log_user_id_c564eba6_fk_auth_user_id` (`user_id`),
  CONSTRAINT `django_admin_log_content_type_id_c4bce8eb_fk_django_co` FOREIGN KEY (`content_type_id`) REFERENCES `django_content_type` (`id`),
  CONSTRAINT `django_admin_log_user_id_c564eba6_fk_auth_user_id` FOREIGN KEY (`user_id`) REFERENCES `auth_user` (`id`)
) ENGINE=InnoDB DEFAULT CHARSET=latin1;
/*!40101 SET character_set_client = @saved_cs_client */;

--
-- Dumping data for table `django_admin_log`
--

LOCK TABLES `django_admin_log` WRITE;
/*!40000 ALTER TABLE `django_admin_log` DISABLE KEYS */;
/*!40000 ALTER TABLE `django_admin_log` ENABLE KEYS */;
UNLOCK TABLES;

--
-- Table structure for table `django_content_type`
--

DROP TABLE IF EXISTS `django_content_type`;
/*!40101 SET @saved_cs_client     = @@character_set_client */;
/*!50503 SET character_set_client = utf8mb4 */;
CREATE TABLE `django_content_type` (
  `id` int(11) NOT NULL AUTO_INCREMENT,
  `app_label` varchar(100) NOT NULL,
  `model` varchar(100) NOT NULL,
  PRIMARY KEY (`id`),
  UNIQUE KEY `django_content_type_app_label_model_76bd3d3b_uniq` (`app_label`,`model`)
) ENGINE=InnoDB AUTO_INCREMENT=19 DEFAULT CHARSET=latin1;
/*!40101 SET character_set_client = @saved_cs_client */;

--
-- Dumping data for table `django_content_type`
--

LOCK TABLES `django_content_type` WRITE;
/*!40000 ALTER TABLE `django_content_type` DISABLE KEYS */;
INSERT INTO `django_content_type` VALUES (1,'admin','logentry'),(7,'admin_reg','adminreg'),(3,'auth','group'),(2,'auth','permission'),(4,'auth','user'),(8,'camp_details','campdetails'),(9,'complaints','complaints'),(5,'contenttypes','contenttype'),(10,'delivery','delivery'),(11,'feedback','feedback'),(12,'login','login'),(13,'notification','notification'),(14,'public_reg','publicreg'),(15,'requirements','requirements'),(16,'scheduling','scheduling'),(6,'sessions','session'),(17,'volunteer_activities','volunteeractivites'),(18,'volunteer_reg','volunteerreg');
/*!40000 ALTER TABLE `django_content_type` ENABLE KEYS */;
UNLOCK TABLES;

--
-- Table structure for table `django_migrations`
--

DROP TABLE IF EXISTS `django_migrations`;
/*!40101 SET @saved_cs_client     = @@character_set_client */;
/*!50503 SET character_set_client = utf8mb4 */;
CREATE TABLE `django_migrations` (
  `id` bigint(20) NOT NULL AUTO_INCREMENT,
  `app` varchar(255) NOT NULL,
  `name` varchar(255) NOT NULL,
  `applied` datetime(6) NOT NULL,
  PRIMARY KEY (`id`)
) ENGINE=InnoDB AUTO_INCREMENT=31 DEFAULT CHARSET=latin1;
/*!40101 SET character_set_client = @saved_cs_client */;

--
-- Dumping data for table `django_migrations`
--

LOCK TABLES `django_migrations` WRITE;
/*!40000 ALTER TABLE `django_migrations` DISABLE KEYS */;
INSERT INTO `django_migrations` VALUES (1,'contenttypes','0001_initial','2024-12-26 09:18:00.306401'),(2,'auth','0001_initial','2024-12-26 09:18:01.077997'),(3,'admin','0001_initial','2024-12-26 09:18:01.188893'),(4,'admin','0002_logentry_remove_auto_add','2024-12-26 09:18:01.204691'),(5,'admin','0003_logentry_add_action_flag_choices','2024-12-26 09:18:01.204691'),(6,'admin_reg','0001_initial','2024-12-26 09:18:01.220322'),(7,'contenttypes','0002_remove_content_type_name','2024-12-26 09:18:01.299865'),(8,'auth','0002_alter_permission_name_max_length','2024-12-26 09:18:01.326998'),(9,'auth','0003_alter_user_email_max_length','2024-12-26 09:18:01.347528'),(10,'auth','0004_alter_user_username_opts','2024-12-26 09:18:01.363162'),(11,'auth','0005_alter_user_last_login_null','2024-12-26 09:18:01.425663'),(12,'auth','0006_require_contenttypes_0002','2024-12-26 09:18:01.444762'),(13,'auth','0007_alter_validators_add_error_messages','2024-12-26 09:18:01.460481'),(14,'auth','0008_alter_user_username_max_length','2024-12-26 09:18:01.477734'),(15,'auth','0009_alter_user_last_name_max_length','2024-12-26 09:18:01.490290'),(16,'auth','0010_alter_group_name_max_length','2024-12-26 09:18:01.516275'),(17,'auth','0011_update_proxy_permissions','2024-12-26 09:18:01.521464'),(18,'auth','0012_alter_user_first_name_max_length','2024-12-26 09:18:01.545096'),(19,'camp_details','0001_initial','2024-12-26 09:18:01.552113'),(20,'complaints','0001_initial','2024-12-26 09:18:01.567753'),(21,'delivery','0001_initial','2024-12-26 09:18:01.567753'),(22,'feedback','0001_initial','2024-12-26 09:18:01.583375'),(23,'login','0001_initial','2024-12-26 09:18:01.583375'),(24,'notification','0001_initial','2024-12-26 09:18:01.600095'),(25,'public_reg','0001_initial','2024-12-26 09:18:01.605497'),(26,'requirements','0001_initial','2024-12-26 09:18:01.615371'),(27,'scheduling','0001_initial','2024-12-26 09:18:01.617958'),(28,'sessions','0001_initial','2024-12-26 09:18:01.661943'),(29,'volunteer_activities','0001_initial','2024-12-26 09:18:01.677571'),(30,'volunteer_reg','0001_initial','2024-12-26 09:18:01.677571');
/*!40000 ALTER TABLE `django_migrations` ENABLE KEYS */;
UNLOCK TABLES;

--
-- Table structure for table `django_session`
--

DROP TABLE IF EXISTS `django_session`;
/*!40101 SET @saved_cs_client     = @@character_set_client */;
/*!50503 SET character_set_client = utf8mb4 */;
CREATE TABLE `django_session` (
  `session_key` varchar(40) NOT NULL,
  `session_data` longtext NOT NULL,
  `expire_date` datetime(6) NOT NULL,
  PRIMARY KEY (`session_key`),
  KEY `django_session_expire_date_a5c62663` (`expire_date`)
) ENGINE=InnoDB DEFAULT CHARSET=latin1;
/*!40101 SET character_set_client = @saved_cs_client */;

--
-- Dumping data for table `django_session`
--

LOCK TABLES `django_session` WRITE;
/*!40000 ALTER TABLE `django_session` DISABLE KEYS */;
INSERT INTO `django_session` VALUES ('0u7iysiagzo7mhbfwd7jw6qq9krjhhxu','eyJ1X2lkIjoxfQ:1tXYe9:47-haKk1M6lUD2K8Q19UnKOs1c2-vQvGtQNF-ARZcg8','2025-01-28 04:35:21.897376'),('nuhwkxih1ogc9ae0c8hi1ynbodxr5oob','eyJ1X2lkIjoxfQ:1tXYcr:h8K-wk8HF6W6xiAevNuFzB77CHzbbcEE5cw5bdMqaFY','2025-01-28 04:34:01.913943'),('y6ww4nvcuzgsrc6qkhgrdv8gn4l4uxkl','eyJ1X2lkIjo1fQ:1tXH5T:F0zqRJpfaRUve5uhsFDL7f-8JnuVLYZF0ZFKNZIwJDM','2025-01-27 09:50:23.519590');
/*!40000 ALTER TABLE `django_session` ENABLE KEYS */;
UNLOCK TABLES;

--
-- Table structure for table `feedback`
--

DROP TABLE IF EXISTS `feedback`;
/*!40101 SET @saved_cs_client     = @@character_set_client */;
/*!50503 SET character_set_client = utf8mb4 */;
CREATE TABLE `feedback` (
  `feedback_id` int(11) NOT NULL AUTO_INCREMENT,
  `feedback` varchar(500) DEFAULT NULL,
  `public_id` int(11) NOT NULL,
  `date` date NOT NULL,
  PRIMARY KEY (`feedback_id`)
) ENGINE=InnoDB DEFAULT CHARSET=latin1;
/*!40101 SET character_set_client = @saved_cs_client */;

--
-- Dumping data for table `feedback`
--

LOCK TABLES `feedback` WRITE;
/*!40000 ALTER TABLE `feedback` DISABLE KEYS */;
/*!40000 ALTER TABLE `feedback` ENABLE KEYS */;
UNLOCK TABLES;

--
-- Table structure for table `login`
--

DROP TABLE IF EXISTS `login`;
/*!40101 SET @saved_cs_client     = @@character_set_client */;
/*!50503 SET character_set_client = utf8mb4 */;
CREATE TABLE `login` (
  `login_id` int(11) NOT NULL AUTO_INCREMENT,
  `username` varchar(45) NOT NULL,
  `password` varchar(45) NOT NULL,
  `type` varchar(45) NOT NULL,
  `u_id` int(11) NOT NULL,
  PRIMARY KEY (`login_id`)
) ENGINE=InnoDB AUTO_INCREMENT=4 DEFAULT CHARSET=latin1;
/*!40101 SET character_set_client = @saved_cs_client */;

--
-- Dumping data for table `login`
--

LOCK TABLES `login` WRITE;
/*!40000 ALTER TABLE `login` DISABLE KEYS */;
INSERT INTO `login` VALUES (1,'admin','admin','admin',1),(2,'shy@gmail.com','Shy@1234','public',1),(3,'anju@gmail.com','Anju@123','volunteer',1);
/*!40000 ALTER TABLE `login` ENABLE KEYS */;
UNLOCK TABLES;

--
-- Table structure for table `notification`
--

DROP TABLE IF EXISTS `notification`;
/*!40101 SET @saved_cs_client     = @@character_set_client */;
/*!50503 SET character_set_client = utf8mb4 */;
CREATE TABLE `notification` (
  `notification_id` int(11) NOT NULL AUTO_INCREMENT,
  `notification` varchar(500) NOT NULL,
  `admin_id` int(11) DEFAULT NULL,
  `date` date NOT NULL,
  `time` time NOT NULL,
  PRIMARY KEY (`notification_id`)
) ENGINE=InnoDB DEFAULT CHARSET=latin1;
/*!40101 SET character_set_client = @saved_cs_client */;

--
-- Dumping data for table `notification`
--

LOCK TABLES `notification` WRITE;
/*!40000 ALTER TABLE `notification` DISABLE KEYS */;
/*!40000 ALTER TABLE `notification` ENABLE KEYS */;
UNLOCK TABLES;

--
-- Table structure for table `public_reg`
--

DROP TABLE IF EXISTS `public_reg`;
/*!40101 SET @saved_cs_client     = @@character_set_client */;
/*!50503 SET character_set_client = utf8mb4 */;
CREATE TABLE `public_reg` (
  `public_id` int(11) NOT NULL AUTO_INCREMENT,
  `name` varchar(45) NOT NULL,
  `phone_no` varchar(45) NOT NULL,
  `address` varchar(200) NOT NULL,
  `user_name` varchar(45) NOT NULL,
  `password` varchar(45) NOT NULL,
  `email` varchar(45) NOT NULL,
  PRIMARY KEY (`public_id`)
) ENGINE=InnoDB AUTO_INCREMENT=2 DEFAULT CHARSET=latin1;
/*!40101 SET character_set_client = @saved_cs_client */;

--
-- Dumping data for table `public_reg`
--

LOCK TABLES `public_reg` WRITE;
/*!40000 ALTER TABLE `public_reg` DISABLE KEYS */;
INSERT INTO `public_reg` VALUES (1,'shythya','9446625594','Rayaroth(H),payyoli,kozhikode','shy@gmail.com','Shy@1234','shy@gmail.com');
/*!40000 ALTER TABLE `public_reg` ENABLE KEYS */;
UNLOCK TABLES;

--
-- Table structure for table `requirements`
--

DROP TABLE IF EXISTS `requirements`;
/*!40101 SET @saved_cs_client     = @@character_set_client */;
/*!50503 SET character_set_client = utf8mb4 */;
CREATE TABLE `requirements` (
  `requirement_id` int(11) NOT NULL AUTO_INCREMENT,
  `requirements` varchar(100) NOT NULL,
  `volunteer_id` int(11) NOT NULL,
  `quantity` varchar(50) NOT NULL,
  `camp_id` int(11) NOT NULL,
  `delivery_id` int(11) NOT NULL,
  PRIMARY KEY (`requirement_id`)
) ENGINE=InnoDB DEFAULT CHARSET=latin1;
/*!40101 SET character_set_client = @saved_cs_client */;

--
-- Dumping data for table `requirements`
--

LOCK TABLES `requirements` WRITE;
/*!40000 ALTER TABLE `requirements` DISABLE KEYS */;
/*!40000 ALTER TABLE `requirements` ENABLE KEYS */;
UNLOCK TABLES;

--
-- Table structure for table `scheduling`
--

DROP TABLE IF EXISTS `scheduling`;
/*!40101 SET @saved_cs_client     = @@character_set_client */;
/*!50503 SET character_set_client = utf8mb4 */;
CREATE TABLE `scheduling` (
  `task_id` int(11) NOT NULL AUTO_INCREMENT,
  `volunteer_id` int(11) DEFAULT NULL,
  `scheduled_task` varchar(100) DEFAULT NULL,
  `date` date NOT NULL,
  PRIMARY KEY (`task_id`)
) ENGINE=InnoDB AUTO_INCREMENT=2 DEFAULT CHARSET=latin1;
/*!40101 SET character_set_client = @saved_cs_client */;

--
-- Dumping data for table `scheduling`
--

LOCK TABLES `scheduling` WRITE;
/*!40000 ALTER TABLE `scheduling` DISABLE KEYS */;
INSERT INTO `scheduling` VALUES (1,1,'cleaning','2025-01-30');
/*!40000 ALTER TABLE `scheduling` ENABLE KEYS */;
UNLOCK TABLES;

--
-- Table structure for table `volunteer_activites`
--

DROP TABLE IF EXISTS `volunteer_activites`;
/*!40101 SET @saved_cs_client     = @@character_set_client */;
/*!50503 SET character_set_client = utf8mb4 */;
CREATE TABLE `volunteer_activites` (
  `activity_id` int(11) NOT NULL AUTO_INCREMENT,
  `volunteer_id` int(11) DEFAULT NULL,
  `activity` varchar(500) NOT NULL,
  PRIMARY KEY (`activity_id`)
) ENGINE=InnoDB DEFAULT CHARSET=latin1;
/*!40101 SET character_set_client = @saved_cs_client */;

--
-- Dumping data for table `volunteer_activites`
--

LOCK TABLES `volunteer_activites` WRITE;
/*!40000 ALTER TABLE `volunteer_activites` DISABLE KEYS */;
/*!40000 ALTER TABLE `volunteer_activites` ENABLE KEYS */;
UNLOCK TABLES;

--
-- Table structure for table `volunteer_reg`
--

DROP TABLE IF EXISTS `volunteer_reg`;
/*!40101 SET @saved_cs_client     = @@character_set_client */;
/*!50503 SET character_set_client = utf8mb4 */;
CREATE TABLE `volunteer_reg` (
  `volunteer_id` int(11) NOT NULL AUTO_INCREMENT,
  `volunteer_name` varchar(45) NOT NULL,
  `volunteer_ph` varchar(45) NOT NULL,
  `email_id` varchar(100) NOT NULL,
  `skill` varchar(100) NOT NULL,
  `availability` varchar(45) NOT NULL,
  `designation` varchar(45) NOT NULL,
  `gender` varchar(45) NOT NULL,
  `age` int(11) NOT NULL,
  `address` varchar(200) NOT NULL,
  `user_name` varchar(45) NOT NULL,
  `password` varchar(45) NOT NULL,
  `status` varchar(45) NOT NULL,
  `document` varchar(500) DEFAULT NULL,
  `camp_id` int(11) NOT NULL,
  PRIMARY KEY (`volunteer_id`)
) ENGINE=InnoDB AUTO_INCREMENT=2 DEFAULT CHARSET=latin1;
/*!40101 SET character_set_client = @saved_cs_client */;

--
-- Dumping data for table `volunteer_reg`
--

LOCK TABLES `volunteer_reg` WRITE;
/*!40000 ALTER TABLE `volunteer_reg` DISABLE KEYS */;
INSERT INTO `volunteer_reg` VALUES (1,'anju','7890908211','anju@gmail.com','Pharmacist','6am-8pm','student','female',24,'sivanada(H),Madappally,Kozhikode','anju@gmail.com','Anju@123','Approved','1',1);
/*!40000 ALTER TABLE `volunteer_reg` ENABLE KEYS */;
UNLOCK TABLES;
/*!40103 SET TIME_ZONE=@OLD_TIME_ZONE */;

/*!40101 SET SQL_MODE=@OLD_SQL_MODE */;
/*!40014 SET FOREIGN_KEY_CHECKS=@OLD_FOREIGN_KEY_CHECKS */;
/*!40014 SET UNIQUE_CHECKS=@OLD_UNIQUE_CHECKS */;
/*!40101 SET CHARACTER_SET_CLIENT=@OLD_CHARACTER_SET_CLIENT */;
/*!40101 SET CHARACTER_SET_RESULTS=@OLD_CHARACTER_SET_RESULTS */;
/*!40101 SET COLLATION_CONNECTION=@OLD_COLLATION_CONNECTION */;
/*!40111 SET SQL_NOTES=@OLD_SQL_NOTES */;

-- Dump completed on 2025-01-14 10:17:52
